id,TT_kz,TT_ru,TT_en,SN_kz,SN_ru,SN_en,BT_kz,BT_ru,BT_en,NT_kz,NT_ru,NT_en,RT_kz,RT_ru,RT_en,UF_kz,UF_ru,UF_en,PT_kz,PT_ru,PT_en,LE_kz,LE_ru,LE_en
1,Әскери операция,Военная операция,Military operation,Жоспарлы әскери іс-қимылдардың жиынтығы,Комплекс запланированных боевых действий,A set of planned military actions,Соғыс әрекеті,Военные действия,War action,Тактикалық операция,Тактическая операция,Tactical operation,Стратегия,Strategy,Strategy,Боевая операция,Боевая операция,Combat mission,Кампания,Кампания,Campaign,Әскери миссия,Военная миссия,Military mission
2,Тактикалық операция,Тактическая операция,Tactical operation,Белгілі аймақта жүргізілетін әскери іс-қимылдар жиынтығы,Операция в ограниченной зоне действий,Operation conducted in a limited area,Әскери операция,Военная операция,Military operation,Шабуыл операциясы,Наступательная операция,Offensive operation,Тактика,Tactics,Tactics,Тактикалық іс-қимыл,Тактическое действие,Tactical action,Әскери жоспар,Военный план,Military plan,Тактикалық миссия,Тактическая миссия,Tactical mission
3,Стратегия,Стратегия,Strategy,Ұзақ мерзімді әскери мақсаттарға жету жоспары,План достижения долгосрочных военных целей,Plan to achieve long-term military goals,Әскери жоспарлау,Военное планирование,Military planning,Операциялық стратегия,Операционная стратегия,Operational strategy,Тактика,Tactics,Tactics,Жалпы жоспар,Общий план,General plan,Соғыс кампаниясы,Военная кампания,War campaign,Әскери стратегия,Военная стратегия,Military strategy
4,Тактика,Тактика,Tactics,Әскери стратегияны іске асыру тәсілдері,Способы реализации стратегии,Methods of implementing strategy,Стратегия,Стратегия,Strategy,Маневр,Манёвр,Maneuver,Жаттығу,Учение,Training,Әскери әдіс,Военный метод,Military method,Жаттығу кезеңі,Фаза учений,Exercise phase,Тактикалық тәсіл,Тактический приём,Tactical method
5,Қару жүйесі,Оружейная система,Weapon system,Қару түрлерінің өзара байланысқан жиынтығы,Совокупность взаимосвязанных видов оружия,A combination of interrelated weapon types,Әскери техника,Военная техника,Military equipment,Зымыран жүйесі,Ракетная система,Missile system,Оқ-дәрі,Боеприпас,Ammunition,Қару түрі,Тип оружия,Weapon type,Қару-жарақ,Вооружение,Armament,Қару кешені,Комплекс вооружения,Weapon complex
7,Бронетехника,Бронетехника,Armored vehicles,Соққыны сіңіретін қорғаныс көліктері,Защищённые боевые машины,Protected combat vehicles,Әскери техника,Военная техника,Military equipment,Танк,Tank,Tank,Жаяу әскер машинасы,БМП,Infantry fighting vehicle,Бронды көлік,Бронированная машина,Armored car,Бөлім техникасы,Техника подразделения,Unit equipment,Броньды көлік,Бронированный транспорт,Armored transport
8,Танк,Танк,Tank,Жер үсті соғысында қолданылатын ауыр техника,Тяжёлая техника для наземных сражений,Heavy equipment for ground battles,Бронетехника,Бронетехника,Armored vehicles,Жеңіл танк,Лёгкий танк,Light tank,Зеңбірек,Пушка,Cannon,Сауытты машина,Бронированная машина,Armored machine,Механикаланған бөлімше,Механизированное подразделение,Mechanized unit,Броньды машина,Armored vehicle,Armored vehicle
9,Зеңбірек,Пушка,Cannon,Қашықтықтағы нысаналарды атуға арналған қару,Орудие для поражения целей на расстоянии,A weapon for striking distant targets,Қару жүйесі,Оружейная система,Weapon system,Өздігінен жүретін зеңбірек,Самоходная пушка,Self-propelled gun,Мина атқыш,Миномёт,Mortar,Артиллерия,Артиллерия,Artillery,Артиллерия бөлімшесі,Подразделение артиллерии,Artillery unit,Зеңбірек жүйесі,Система пушек,Cannon system
10,Артиллерия,Артиллерия,Artillery,Ұзақ қашықтықтан ататын қарулар жүйесі,Система дальнобойных орудий,System of long-range weapons,Қару жүйесі,Оружейная система,Weapon system,Өздігінен жүретін артиллерия,Самоходная артиллерия,Self-propelled artillery,Миномет,Mortar,Mortar,Зеңбірек,Пушка,Cannon,Әскери бөлім,Воинская часть,Military unit,Артиллериялық жүйе,Артиллерийская система,Artillery system
11,Миномет,Миномет,Mortar,Жақын қашықтықта атыс жүргізетін қару,Орудие для ближнего боя,Short-range fire weapon,Артиллерия,Артиллерия,Artillery,Жеңіл миномет,Лёгкий миномёт,Light mortar,Зеңбірек,Пушка,Cannon,Қол атысы,Ручное орудие,Handgun,Минометтік жүйе,Система минометов,Mortar system,Минометтік кешен,Миномётный комплекс,Mortar complex
12,Әуе күштері,Военно-воздушные силы,Air Force,Әуе кеңістігінде соғыс жүргізетін әскер түрі,Вид войск, ведущий боевые действия в воздухе,Military branch operating in airspace,Қарулы күштер,Вооружённые силы,Armed Forces,Бомбалау авиациясы,Бомбардировочная авиация,Bomber aviation,Әуе шабуылы,Воздушное нападение,Air strike,Әуе әскері,Воздушные войска,Air troops,Қарулы күш құрылымы,Структура вооружённых сил,Force branch,,
13,Бомбалау авиациясы,Бомбардировочная авиация,Bomber aviation,Бомбаларды тастау арқылы нысаналарды жоятын бөлім,Подразделение для нанесения ударов бомбами,Unit specialized in bomb strikes,Әуе күштері,Военно-воздушные силы,Air Force,Тактикалық авиация,Тактическая авиация,Tactical aviation,Әуе операциясы,Воздушная операция,Air operation,Бомбалаушы ұшақ,Бомбардировщик,Bomber aircraft,Әуе дивизиясы,Воздушная дивизия,Air division,Бомбалық авиация,Бомбовая авиация,Bombing air force
14,Тактикалық авиация,Тактическая авиация,Tactical aviation,Жердегі әскерді қолдау үшін қолданылатын авиация,Авиация для поддержки сухопутных войск,Aviation supporting ground forces,Әуе күштері,Военно-воздушные силы,Air Force,Шабуыл авиациясы,Штурмовая авиация,Assault aviation,Бомбалау авиациясы,Бомбардировочная авиация,Bomber aviation,Әуе қолдау,Воздушная поддержка,Air support,Әуе тобы,Воздушная группа,Air group,Тактикалық ұшақтар,Тактические самолёты,Tactical aircraft
15,Шабуыл авиациясы,Штурмовая авиация,Assault aviation,Жер үсті нысандарын дәл соғуға арналған авиация,Авиация для точечных ударов по наземным целям,Aviation for precision strikes on ground targets,Тактикалық авиация,Тактическая авиация,Tactical aviation,Ұшқышсыз ұрыс авиациясы,Беспилотная ударная авиация,Unmanned combat aviation,Әуе қолдау,Воздушная поддержка,Air support,Шабуыл ұшағы,Штурмовик,Attack aircraft,Әуе құрамасы,Воздушное соединение,Air unit,Шабуыл авиациясы,Ударная авиация,Strike aviation
16,Ұшқышсыз ұрыс авиациясы,Беспилотная ударная авиация,Unmanned combat aviation,Қашықтан басқарылатын ұрыс жүйелері,Боевые системы дистанционного управления,Remotely operated combat systems,Шабуыл авиациясы,Штурмовая авиация,Assault aviation,Ұшқышсыз аппарат,Беспилотник,Drone,Барлау аппараты,Разведывательный дрон,Recon drone,Ұшқышсыз жүйе,Беспилотная система,UAV system,Әуе тобы,Воздушная группа,Air group,Дрон авиациясы,Drone aviation,Drone aviation
17,Ұшқышсыз аппарат,Беспилотник,Drone,Қашықтан басқарылатын ұшу құрылғысы,Воздушное устройство без пилота,Unmanned aerial device,Ұшқышсыз ұрыс авиациясы,Беспилотная ударная авиация,Unmanned combat aviation,Барлау дроны,Разведывательный дрон,Recon drone,Ұшу жүйесі,Авиасистема,Flight system,Ұшатын құрылғы,Летательный аппарат,Flying device,Ұшу бөлімі,Отдел авиации,Aviation section,Дрон,Дрон,Drone
18,Барлау,Разведка,Reconnaissance,Қарсылас туралы ақпарат жинау әрекеті,Деятельность по сбору информации о противнике,The act of gathering information about the enemy,Әскери операция,Военная операция,Military operation,Барлау миссиясы,Разведывательная миссия,Recon mission,Барлау дроны,Разведывательный дрон,Recon drone,Барлау ісі,Разведдеятельность,Intelligence activity,Барлау бөлімшесі,Разведподразделение,Recon unit,Әскери барлау,Военная разведка,Military intelligence
19,Барлау миссиясы,Разведывательная миссия,Recon mission,Қарсылас аймағында ақпарат алу операциясы,Операция по сбору данных в районе противника,Operation to gather data in enemy territory,Барлау,Разведка,Reconnaissance,Әуе барлауы,Воздушная разведка,Air reconnaissance,Барлау дроны,Разведывательный дрон,Recon drone,Барлау тапсырмасы,Разведзадание,Recon assignment,Барлау бөлімі,Разведывательное подразделение,Recon division,Барлау операциясы,Разведоперация,Recon operation
20,Барлау дроны,Разведывательный дрон,Recon drone,Барлау деректерін жинауға арналған ұшу құрылғысы,Летающее устройство для разведки,Aircraft used for reconnaissance,Ұшқышсыз аппарат,Беспилотник,Drone,Микро-дрон,Мини-дрон,Microdrone,Барлау миссиясы,Разведмиссия,Recon mission,Барлау құрылғысы,Разведустройство,Recon device,Барлау жүйесі,Разведсистема,Recon system,Барлау ұшағы,Разведсамолёт,Recon aircraft
21,Командир,Командир,Commander,Бір бөлімшенің басшысы,Руководитель подразделения,Leader of a military unit,Әскери қызметші,Военнослужащий,Soldier,Батальон командирі,Командир батальона,Battalion commander,Офицер,Офицер,Officer,Басшы,Начальник,Chief,Бөлім басшысы,Руководитель отделения,Section leader,Бас қолбасшы,Главнокомандующий,General commander
23,Сарбаз,Солдат,Soldier,Әскер қатарындағы жауынгер,Военнослужащий рядового состава,Enlisted military serviceman,Әскери қызметші,Военнослужащий,Serviceman,Кіші сарбаз,Рядовой,Private,Офицер,Офицер,Officer,Жауынгер,Боец,Warrior,Әскер мүшесі,Член армии,Army member,Қатардағы жауынгер,Рядовой солдат,Rank-and-file soldier
25,Әскер,Армия,Army,Мемлекетті қорғауға арналған қарулы құрылым,Вооружённая организация для защиты государства,Armed organization for national defense,Қарулы күштер,Вооружённые силы,Armed Forces,Құрлық әскері,Сухопутные войска,Ground forces,Әскери бөлім,Воинская часть,Military unit,Қарулы топ,Вооружённое формирование,Armed group,Әскер құрылымы,Структура армии,Army structure,Мемлекеттік әскер,Государственная армия,National army
29,Танк ротасы,Танковая рота,Tank company,Танк бөлімдерінің ұйымдасқан әскери құрылымы,Организационная структура танковых подразделений,Organized tank unit structure,Механикаландырылған бөлім,Механизированное подразделение,Mechanized unit,Танк батальоны,Танковый батальон,Tank battalion,Бронетехника,Бронетехника,Armored vehicles,Танк тобы,Танковая группа,Tank group,Танк бөлімшесі,Танковое подразделение,Tank subunit,Танк әскері,Танковые войска,Tank troops
31,Танк полкі,Танковый полк,Tank regiment,Танк батальондарынан құралған ірі бөлім,Крупное соединение из танковых батальонов,Large formation of tank battalions,Танк батальоны,Танковый батальон,Tank battalion,Танк дивизиясы,Танковая дивизия,Tank division,Құрлық әскері,Сухопутные войска,Ground forces,Полк,Полк,Regiment,Әскери полк,Военный полк,Military regiment,Танк күштері,Танковые силы,Tank forces
32,Танк дивизиясы,Танковая дивизия,Tank division,Танк полктерінен құралған ірі әскери құрам,Крупное соединение из танковых полков,Large formation of tank regiments,Танк полкі,Танковый полк,Tank regiment,Танк корпусы,Танковый корпус,Tank corps,Құрлық әскері,Сухопутные войска,Ground forces,Механикаланған дивизия,Механизированная дивизия,Mechanized division,Дивизия,Дивизия,Division,Танк армиясы,Танковая армия,Tank army
33,Танк армиясы,Танковая армия,Tank army,Бірнеше дивизиядан құралған үлкен құрылым,Крупное соединение из нескольких дивизий,Large formation composed of several divisions,Танк дивизиясы,Танковая дивизия,Tank division,Құрлық армиясы,Сухопутная армия,Ground army,Әскер,Армия,Army,Броньды армия,Бронированная армия,Armored army,Армия,Армия,Army,Танк күштері,Танковые силы,Tank forces
34,Құрлық армиясы,Сухопутная армия,Ground army,Құрлықтағы барлық әскер түрлерін біріктіретін құрылым,Объединение всех видов сухопутных войск,Organization uniting all ground forces,Құрлық әскері,Сухопутные войска,Ground forces,Танк армиясы,Танковая армия,Tank army,Әскери бөлім,Воинская часть,Military unit,Құрлық күштері,Сухопутные силы,Ground power,Әскер тобы,Группировка войск,Troop group,Құрлықтық армия,Наземная армия,Land army
35,Медициналық қамтамасыз ету,Медицинское обеспечение,Medical support,Жаралыларға көмек көрсету және санитарлық қызмет ұйымдастыру,Организация помощи раненым и санитарной службы,Organization of aid and sanitation,Тылдық қамтамасыз ету,Тыловое обеспечение,Logistics support,Дала госпиталі,Полевой госпиталь,Field hospital,Әскери дәрігер,Военный врач,Military doctor,Медицина қызметі,Медслужба,Medical service,Медициналық бөлім,Медицинское подразделение,Medical unit,Медициналық қызмет,Медслужба,Medical care
36,Дала госпиталі,Полевой госпиталь,Field hospital,Соғыс аймағында орналасқан уақытша госпиталь,Временный госпиталь в зоне боевых действий,Temporary hospital in combat zone,Медициналық қамтамасыз ету,Медицинское обеспечение,Medical support,Мобильді госпиталь,Мобильный госпиталь,Mobile hospital,Медициналық бөлім,Медицинское подразделение,Medical unit,Уақытша госпиталь,Временный госпиталь,Temporary hospital,Медициналық лагерь,Медицинский лагерь,Medical camp,Әскери госпиталь,Военный госпиталь,Military hospital
37,Моральдық дайындық,Моральная подготовка,Moral training,Жауынгерлердің рухын көтеру шаралары,Меры по повышению боевого духа солдат,Measures to improve morale,Жауынгерлік дайындық,Боевая подготовка,Combat training,Психологиялық дайындық,Психологическая подготовка,Psychological training,Әскери тәрбие,Военное воспитание,Military discipline,Моральдық рух,Боевой дух,Morale,Рухани дайындық,Духовная подготовка,Spiritual preparation,Моральдық тұрақтылық,Моральная устойчивость,Moral stability
38,Психологиялық дайындық,Психологическая подготовка,Psychological training,Жауынгердің психологиялық төзімділігін арттыру,Укрепление психологической устойчивости бойца,Improving soldier’s psychological resilience,Моральдық дайындық,Моральная подготовка,Moral training,Стресске қарсы жаттығу,Антистрессовая тренировка,Stress training,Тәртіптік дайындық,Дисциплинарная подготовка,Disciplinary training,Психологиялық оқыту,Психологическое обучение,Psychological education,Психологиялық тұрақтылық,Психологическая устойчивость,Psychological stability,,,
39,Әскери тәртіп,Военная дисциплина,Military discipline,Жауынгерлердің мінез-құлық нормалары мен ережелері,Нормы и правила поведения военнослужащих,Rules and norms of soldiers’ behavior,Жауынгерлік дайындық,Боевая подготовка,Combat training,Қызметтік тәртіп,Служебная дисциплина,Service discipline,Моральдық дайындық,Моральная подготовка,Moral training,Тәртіп,Дисциплина,Discipline,Тәртіп кодексі,Кодекс дисциплины,Discipline code,Әскери ереже,Воинский устав,Military regulation
42,Байланыс торабы,Узел связи,Communication node,Ақпарат алмасу желісінің негізгі бөлігі,Основная часть сети связи,Main part of communication network,Байланыс,Связь,Communication,Байланыс бекеті,Пункт связи,Communication point,Басқару пункті,Пункт управления,Command post,Байланыс орталығы,Центр связи,Communication center,Байланыс станциясы,Станция связи,Communication station,Телекоммуникация,Телекоммуникация,Telecommunication
43,Радиобайланыс,Радиосвязь,Radio communication,Толқындар арқылы ақпарат жіберу тәсілі,Способ передачи информации с помощью волн,Method of information transfer via waves,Байланыс,Связь,Communication,Қысқа толқынды байланыс,Коротковолновая связь,Shortwave communication,Байланыс торабы,Узел связи,Communication node,Радиоарна,Радиоканал,Radio channel,Радиожелі,Радиосеть,Radio network,Радио жүйесі,Радиосистема,Radio system
44,Қысқа толқынды байланыс,Коротковолновая связь,Shortwave communication,Ұзақ қашықтыққа радиосигнал жіберу жүйесі,Система передачи радиосигналов на дальние расстояния,System of long-distance radio communication,Радиобайланыс,Радиосвязь,Radio communication,Теңіз радиосы,Морская радиосвязь,Marine radio,Байланыс торабы,Узел связи,Communication node,Ұзақ толқын,Длинная волна,Long wave,Радио,Радио,Radio,Байланыс жүйесі,Система связи,Communication system
46,Инженерлік қамтамасыз ету,Инженерное обеспечение,Engineering support,Қорғаныс құрылыстарын және өткелдерді дайындау жұмыстары,Работы по подготовке оборонительных сооружений и переправ,Preparation of defensive structures and crossings,Тылдық қамтамасыз ету,Тыловое обеспечение,Logistics support,Инженерлік қорғаныс,Инженерная защита,Engineering defense,Қорғаныс құрылысы,Оборонительное сооружение,Defensive structure,Инженерлік қызмет,Инженерная служба,Engineering service,Инженерлік бөлім,Инженерное подразделение,Engineering unit,,,
47,Инженерлік қорғаныс,Инженерная защита,Engineering defense,Қорғаныс құрылыстары мен бөгеттер жүйесі,Система оборонительных сооружений и преград,System of defensive constructions and obstacles,Инженерлік қамтамасыз ету,Инженерное обеспечение,Engineering support,Инженерлік бөгет,Инженерное заграждение,Engineering barrier,Қорғаныс жүйесі,Система обороны,Defense system,Қорғаныс құрылысы,Оборонительное сооружение,Defensive structure,Инженерлік жұмыстар,Инженерные работы,Engineering works,Инженерлік қызмет,Инженерная служба,Engineering service
48,Инженерлік бөгет,Инженерное заграждение,Engineering barrier,Жау қозғалысын шектеуге арналған құрылым,Сооружение для ограничения передвижения противника,Structure intended to hinder enemy movement,Инженерлік қорғаныс,Инженерная защита,Engineering defense,Мина өрісі,Минное поле,Minefield,Қорғаныс жүйесі,Система обороны,Defense system,Бөгет,Заграждение,Obstacle,Инженерлік тосқауыл,Инженерная преграда,Engineering obstacle,Қорғаныс құрылысы,Оборонительное сооружение,Defensive structure
50,Мина орнату,Установка мин,Mine placement,Қорғаныс мақсатында миналарды орналастыру процесі,Процесс размещения мин в оборонительных целях,Process of placing mines for defensive purpose,Мина өрісі,Минное поле,Minefield,Мина тазалау,Разминирование,Demining,Инженерлік бөгет,Инженерное заграждение,Engineering barrier,Миналау,Минирование,Mining,Мина жұмысы,Минная работа,Mine work,Миналық операция,Минная операция,Mine operation
51,Инженерлік барлау,Инженерная разведка,Engineering reconnaissance,Жолдар мен кедергілерді анықтау мақсатындағы барлау,Разведка для определения дорог и препятствий,Reconnaissance for identifying roads and obstacles,Барлау,Разведка,Reconnaissance,Миналық барлау,Минная разведка,Mine reconnaissance,Инженерлік бөлім,Инженерное подразделение,Engineering unit,Техникалық барлау,Техническая разведка,Technical reconnaissance,Барлау қызметі,Разведслужба,Recon service,Инженерлік барлау,Инженерная разведка,Engineering reconnaissance
52,Миналық барлау,Минная разведка,Mine reconnaissance,Миналанған аймақтарды анықтау мақсатындағы барлау,Разведка минных полей,Reconnaissance of mined areas,Инженерлік барлау,Инженерная разведка,Engineering reconnaissance,Минаны залалсыздандыру,Разминирование,Demining,Жарылыс,Взрыв,Explosion,Миналарды іздеу,Поиск мин,Mine search,Минаны жою,Уничтожение мин,Mine disposal,Минаны анықтау,Выявление мин,Mine detection
53,Минаны залалсыздандыру,Разминирование,Demining,Миналарды қауіпсіз түрде жою процесі,Процесс безопасного удаления мин,The process of safely removing mines,Инженерлік барлау,Инженерная разведка,Engineering reconnaissance,Миналық аймақты тазалау,Очистка минного поля,Minefield clearing,Миналық қорғаныс,Минная защита,Mine defense,Миналарды жою,Уничтожение мин,Mine destruction,Миналарды тазалау,Очистка мин,Mine clearing,Разминирование аймағы,Зона разминирования,Demining zone
56,Қорғаныс құрылысы,Оборонительное сооружение,Defensive structure,Қорғаныс мақсатындағы инженерлік нысан,Инженерное сооружение оборонительного назначения,Engineering structure for defense purposes,Инженерлік бөлім,Инженерное подразделение,Engineering unit,Бекініс,Укрепление,Fortification,Қалқан,Щит,Shield,Қорғаныс жүйесі,Оборонительная система,Defense system,Қорғаныс нысаны,Оборонительный объект,Defense object,Қорғаныс бекінісі,Фортификационное сооружение,Fortified structure
57,Бекініс,Укрепление,Fortification,Жау шабуылына қарсы тұру үшін салынған құрылыс,Сооружение для защиты от атак врага,Structure built to resist enemy attacks,Қорғаныс құрылысы,Оборонительное сооружение,Defensive structure,Бекініс сызығы,Линия укреплений,Line of fortifications,Қорғаныс жүйесі,Оборонительная система,Defense system,Қорғаныс аймағы,Зона обороны,Defense zone,Қорғаныс бекеті,Оборонительный пост,Defense post,Фортификация,Фортификация,Fortification
59,Миналық кедергі,Минное заграждение,Minefield barrier,Миналармен жабдықталған қорғаныс аймағы,Оборонительная зона с установленными минами,Defense area equipped with mines,Инженерлік кедергі,Инженерное препятствие,Engineering obstacle,Миналық алаң,Минное поле,Minefield,Миналық барлау,Минная разведка,Mine reconnaissance,Кедергілер жүйесі,Система заграждений,Barrier system,Миналарды орналастыру,Установка мин,Mine placement,Миналық қорғаныс,Минная оборона,Mine defense
60,Инженерлік көпір,Инженерный мост,Engineering bridge,Әскер мен техника үшін уақытша көпір,Временный мост для войск и техники,Temporary bridge for troops and vehicles,Инженерлік әскер,Инженерные войска,Engineering troops,Өткел құрылысы,Строительство переправы,Bridge construction,Инженерлік нысан,Инженерный объект,Engineering object,Көпір құрылысы,Мостовое сооружение,Bridge construction,Өтпелі көпір,Переправочный мост,Crossing bridge,Инженерлік өткел,Инженерная переправа,Engineering crossing
61,Инженерлік техника,Инженерная техника,Engineering equipment,Инженерлік жұмыстарға арналған техникалық құралдар,Технические средства для инженерных задач,Technical means for engineering tasks,Инженерлік әскер,Инженерные войска,Engineering troops,Жол техникасы,Дорожная техника,Road equipment,Құрылыс техникасы,Строительная техника,Construction equipment,Инженерлік құрал,Инженерное средство,Engineering device,Инженерлік жабдық,Инженерное оборудование,Engineering machinery,Инженерлік техника,Инженерная техника,Engineering vehicle
62,Жол техникасы,Дорожная техника,Road equipment,Жол салуға және жөндеуге арналған техника,Техника для строительства и ремонта дорог,Equipment for building and repairing roads,Инженерлік техника,Инженерная техника,Engineering equipment,Құрылыс техникасы,Строительная техника,Construction machinery,Жүк көлігі,Грузовик,Truck,Жол жабдығы,Дорожное оборудование,Road device,Жол машиналары,Дорожные машины,Road machines,Жол техникасы,Техника дорог,Road vehicles
64,Кран,Кран,Crane,Жүк көтеруге арналған техника,Техника для подъема грузов,Equipment used for lifting loads,Құрылыс техникасы,Строительная техника,Construction machinery,Мобильді кран,Мобильный кран,Mobile crane,Бульдозер,Bulldozer,Bulldozer,Жүк көтергіш,Погрузчик,Loader,Құрылыс жабдығы,Строительное оборудование,Construction equipment,Көтергіш техника,Подъемная техника,Lifting equipment
65,Бульдозер,Бульдозер,Bulldozer,Жер жұмыстарын орындауға арналған техника,Техника для земляных работ,Equipment for earthworks,Құрылыс техникасы,Строительная техника,Construction machinery,Жер қазу техникасы,Землеройная техника,Excavation equipment,Кран,Кран,Crane,Құрылыс техникасы,Строительное оборудование,Construction machinery,Жол техникасы,Дорожная техника,Road machinery,Бульдозер,Землеройная машина,Earthmover
66,Жер қазу техникасы,Землеройная техника,Excavation equipment,Жер қабатын қазуға арналған техника,Техника для выемки грунта,Equipment for digging soil layers,Құрылыс техникасы,Строительная техника,Construction machinery,Экскаватор,Экскаватор,Excavator,Бульдозер,Бульдозер,Bulldozer,Құрылыс техникасы,Строительная техника,Construction machinery,Жер өңдеу құралы,Землеройное средство,Excavation tool,Жер жұмысы техникасы,Техника земляных работ,Earthwork machinery
67,Экскаватор,Экскаватор,Excavator,Жер жұмыстарын жүргізуге арналған техника,Машина для выполнения земляных работ,Machine for earthmoving,Жер қазу техникасы,Землеройная техника,Excavation equipment,Қазушы техника,Добывающая техника,Digging machinery,Бульдозер,Бульдозер,Bulldozer,Құрылыс техникасы,Строительная техника,Construction machinery,Жер машинасы,Землеройная машина,Earthmoving machine,Экскаватор техникасы,Техника экскаваторов,Excavator machinery
68,Инженерлік құрал,Инженерное средство,Engineering device,Инженерлік тапсырмаларды орындауға арналған құрал,Средство для выполнения инженерных задач,Device for carrying out engineering tasks,Инженерлік техника,Инженерная техника,Engineering equipment,Өлшеу құралы,Измерительный инструмент,Measuring instrument,Техника,Техника,Equipment,Құрылғы,Устройство,Apparatus,Инженерлік жабдық,Инженерное оборудование,Engineering equipment,Инженерлік аспап,Инженерный инструмент,Engineering tool
69,Өлшеу құралы,Измерительный инструмент,Measuring instrument,Инженерлік өлшемдерді анықтау құралы,Прибор для измерения инженерных параметров,Instrument for measuring engineering parameters,Инженерлік құрал,Инженерное средство,Engineering device,Өлшеу аспабы,Измерительное устройство,Measuring device,Құрылғы,Устройство,Device,Өлшеу жүйесі,Измерительная система,Measurement system,Өлшеу жабдығы,Измерительное оборудование,Measuring equipment,Өлшеу аспаптары,Измерительные инструменты,Measuring tools
70,Инженерлік байланыс,Инженерная связь,Engineering communication,Инженерлік бөлімдер арасындағы байланыс жүйесі,Система связи между инженерными подразделениями,Communication system between engineering units,Байланыс,Связь,Communication,Техникалық байланыс,Техническая связь,Technical communication,Инженерлік қызмет,Инженерная служба,Engineering service,Байланыс жүйесі,Система связи,Communication network,Инженерлік ақпарат,Инженерная информация,Engineering communication,Инженерлік байланыс жүйесі,Инженерная сеть,Engineering network
71,Техникалық байланыс,Техническая связь,Technical communication,Техникалық құралдар арқылы жүзеге асырылатын байланыс,Связь с использованием технических средств,Communication via technical means,Инженерлік байланыс,Инженерная связь,Engineering communication,Байланыс желісі,Линия связи,Communication line,Ақпарат алмасу,Обмен информацией,Information exchange,Байланыс арнасы,Канал связи,Communication channel,Байланыс техникасы,Техника связи,Communication technology,Техникалық байланыс,Техническая коммуникация,Technical communication
72,Байланыс жүйесі,Система связи,Communication system,Ақпарат алмасуға арналған техникалық және бағдарламалық жүйе,Техническая и программная система обмена информацией,Technical and software system for information exchange,Байланыс,Связь,Communication,Байланыс арнасы,Канал связи,Communication channel,Техникалық байланыс,Техническая связь,Technical communication,Желі жүйесі,Система сетей,Network system,Байланыс инфрақұрылымы,Инфраструктура связи,Communication infrastructure,Байланыс торабы,Связевой узел,Communication hub
73,Байланыс арнасы,Канал связи,Communication channel,Мәліметтер мен сигналдарды тасымалдау жолы,Путь передачи данных и сигналов,Path for transmitting data and signals,Байланыс жүйесі,Система связи,Communication system,Желілік арна,Сетевой канал,Network channel,Ақпарат алмасу,Обмен информацией,Information exchange,Байланыс торабы,Связевой узел,Communication node,Байланыс көзі,Источник связи,Communication source,Байланыс желісі,Связная линия,Communication line
74,Желілік арна,Сетевой канал,Network channel,Желілер арасындағы деректер байланыс жолы,Путь связи между сетями,Data connection between networks,Байланыс арнасы,Канал связи,Communication channel,Интернет арнасы,Интернет-канал,Internet channel,Байланыс жүйесі,Система связи,Communication system,Ақпараттық арна,Информационный канал,Information channel,Желілік байланыс,Сетевая связь,Network communication,Желі арнасы,Канал сети,Network link
75,Интернет арнасы,Интернет-канал,Internet channel,Интернет арқылы ақпарат алмасу арнасы,Канал для обмена информацией через интернет,Channel for exchanging information via the Internet,Желілік арна,Сетевой канал,Network channel,Онлайн байланыс,Онлайн связь,Online connection,Ақпараттық арна,Информационный канал,Information channel,Сандық арна,Цифровой канал,Digital channel,Интернет байланысы,Интернет-связь,Internet connection,Интернет жүйесі,Интернет-система,Internet system
76,Химиялық шабуыл,Химическая атака,Chemical attack,Улы заттарды қолдану арқылы жасалатын соғыс іс-қимылы,Боевые действия с применением ядовитых веществ,Use of toxic agents in warfare,Жаппай қырып-жою қаруы,Оружие массового поражения,Weapons of mass destruction,Қорғаныс костюмі,Защитный костюм,Protective suit,Биологиялық шабуыл,Биологическая атака,Biological attack,Токсиндер,Токсины,Toxins,CBRN,CBRN,CBRN,Химиялық шабуыл кезінде қорғану,Protection during chemical attack,
77,Биологиялық шабуыл,Биологическая атака,Biological attack,Микроорганизмдерді қолдану арқылы соғыс іс-қимылы,Применение микроорганизмов в военных действиях,Use of microorganisms in warfare,Жаппай қырып-жою қаруы,Оружие массового поражения,Weapons of mass destruction,Қорғаныс костюмі,Защитный костюм,Protective suit,Химиялық шабуыл,Химическая атака,Chemical attack,Вирустар,Вирусы,Viruses,Биоқорғаныс,Biodefense,Biodefense,Биологиялық қарудан қорғаныс,Biological weapon protection,
78,Кибершабуыл,Кибератака,Cyberattack,Компьютерлік жүйелерге зиян келтіру мақсатындағы шабуыл,Атака с целью повредить компьютерные системы,Attack targeting computer systems,Киберқауіпсіздік,Кибербезопасность,Cybersecurity,Фишинг,Фишинг,Phishing,Хакер,Хакер,Hacker,Кибершабуыл жасау,Cyber offense,Cyber offense,Кибершабуылға қарсы тұру,Cyber defense,Cyber defense,Ақпараттық соғыс,Information warfare,
79,Киберқауіпсіздік,Кибербезопасность,Cybersecurity,Компьютерлік және желілік жүйелерді қорғау процесі,Процесс защиты компьютерных и сетевых систем,Protection of computer and network systems,Ақпараттық қауіпсіздік,Информационная безопасность,Information security,Фишингтен қорғау,Защита от фишинга,Anti-phishing,Кибершабуыл,Кибератака,Cyberattack,Қауіпсіз желі,Безопасная сеть,Secure network,ISO/IEC 27001,ISO/IEC 27001,ISO/IEC 27001,Кибершабуылдарға қарсы шаралар,Countermeasures to cyberattacks,
80,Фишинг,Фишинг,Phishing,Жалған хабарламалар арқылы деректерді ұрлау тәсілі,Способ кражи данных через поддельные сообщения,Method of stealing data via fake messages,Кибершабуыл,Кибератака,Cyberattack,Фарминг,Фарминг,Pharming,Әлеуметтік инженерия,Социальная инженерия,Social engineering,Электрондық алаяқтық,Электронное мошенничество,Email fraud,Фишингтік шабуыл,Phishing attack,Phishing attack,Қауіпсіздік хаттамалары,Security protocols,
81,Радиоэлектрондық күрес,Радиоэлектронная борьба,Electronic warfare,Электрондық сигналдарды қолдану арқылы қарсы әрекет,Противодействие с использованием электронных сигналов,Counteraction using electronic signals,Әскери байланыс,Военная связь,Military communication,РЭБ құралдары,Средства РЭБ,EW systems,Байланыс,Связь,Communication,Жиілік кедергілері,Частотные помехи,Frequency interference,EW,EW,EW,Сигналдарды басу,Signal jamming,
82,Дрон,Дрон,Drone,Қашықтан басқарылатын ұшу құрылғысы,Беспилотное летательное устройство,Remotely controlled flying device,Барлау,Разведка,Reconnaissance,Соққы дроны,Ударный дрон,Combat drone,Ұшқышсыз жүйе,Беспилотная система,Unmanned system,Ұшқышсыз аппарат,БПЛА,UAV,Дрон технологиялары,Drone technologies,Дронды басқару,Drone control,,
83,Соққы дроны,Ударный дрон,Combat drone,Қарулы миссиялар үшін дрон түрі,Тип дрона для боевых миссий,Type of drone for armed missions,Дрон,Дрон,Drone,Барлау дроны,Разведывательный дрон,Reconnaissance drone,Зымыран,Ракета,Missile,БПЛА,БПЛА,UAV,UCAV,UCAV,UCAV,Қарулы дрондар,Armed drones,
84,Барлау дроны,Разведывательный дрон,Reconnaissance drone,Ақпарат жинауға арналған дрон,Дрон для сбора информации,Drone for information gathering,Дрон,Дрон,Drone,Соққы дроны,Ударный дрон,Combat drone,Барлау,Разведка,Reconnaissance,Ұшқышсыз бақылау,Беспилотное наблюдение,Unmanned surveillance,ISR,ISR,ISR,Барлау деректері,Intelligence data,
85,Спутник,Спутник,Satellite,Орбитаға шығарылған жасанды дене,Искусственное тело, выведенное на орбиту,Artificial body placed in orbit,Ғарыш технологиясы,Космическая технология,Space technology,Байланыс спутнигі,Спутник связи,Communication satellite,Ғарыштық барлау,Космическая разведка,Space reconnaissance,Орбиталық құрылғы,Орбитальное устройство,Orbital device,GEO,GEO,GEO,Спутниктік байланыс,Satellite communication
86,Ғарыштық барлау,Космическая разведка,Space reconnaissance,Ғарыштық аппараттар арқылы деректер жинау,Сбор данных через космические аппараты,Data collection via space devices,Барлау,Разведка,Reconnaissance,Ғарыштық мониторинг,Космический мониторинг,Space monitoring,Спутник,Спутник,Satellite,Ғарыш аппараты,Космический аппарат,Spacecraft,Space intel,Space intel,Space intel,Ғарыштық бақылау,Space observation,
87,Теңіз флоты,Военно-морской флот,Navy,Елдің теңіз күштері,Военные силы страны на море,Country’s maritime forces,Қарулы күштер,Вооруженные силы,Armed forces,Әскери кеме,Военный корабль,Warship,Теңіз жаяу әскері,Морская пехота,Marines,Флот,Флот,Fleet,ВМФ,ВМФ,Navy,Теңіз операциялары,Naval operations,
88,Әскери кеме,Военный корабль,Warship,Теңіз шайқастарына арналған кеме,Судно для морских боёв,Ship for naval combat,Теңіз флоты,Военно-морской флот,Navy,Сүңгуір қайық,Подводная лодка,Submarine,Фрегат,Фрегат,Frigate,Кемелер,Корабли,Ships,War vessel,War vessel,War vessel,Теңіздегі соғыс,Naval warfare,
89,Сүңгуір қайық,Подводная лодка,Submarine,Су астында әрекет ететін кеме,Судно, действующее под водой,Underwater operating vessel,Әскери кеме,Военный корабль,Warship,Ядролық сүңгуір қайық,Атомная подлодка,Nuclear submarine,Теңіз флоты,Военно-морской флот,Navy,Қайық,Лодка,Boat,Sub,Sub,Sub,Су асты операциялары,Underwater operations
90,Фрегат,Фрегат,Frigate,Жеңіл әскери кеме түрі,Тип лёгкого военного корабля,Type of light warship,Әскери кеме,Военный корабль,Warship,Эсминец,Эсминец,Destroyer,Сүңгуір қайық,Подлодка,Submarine,Кеме,Корабль,Ship,Frig,Frig,Frig,Флот күштері,Fleet forces,
91,Эсминец,Эсминец,Destroyer,Жылдам және қарулы әскери кеме,Быстроходное вооружённое судно,Fast armed ship,Фрегат,Фрегат,Frigate,Крейсер,Крейсер,Cruiser,Әскери кеме,Военный корабль,Warship,Кеме,Корабль,Ship,Dest,Dest,Dest,Теңіз күзеті,Naval patrol,
92,Крейсер,Крейсер,Cruiser,Орташа немесе ауыр әскери кеме,Среднее или тяжёлое военное судно,Medium or heavy warship,Эсминец,Эсминец,Destroyer,Авианосец,Авианосец,Aircraft carrier,Фрегат,Фрегат,Frigate,Кеме,Корабль,Ship,Cruis,Cruis,Cruis,Флот операциялары,Fleet operations,
93,Авианосец,Авианосец,Aircraft carrier,Ұшақтарды тасымалдауға арналған кеме,Судно для перевозки самолётов,Ship for aircraft transport,Крейсер,Крейсер,Cruiser,Әскери ұшақ,Военный самолёт,Military aircraft,Теңіз флоты,Военно-морской флот,Navy,Теңіздік база,Морская база,Naval base,CV,CV,CV,Авиатасымалдаушы флот,Carrier fleet,
94,Әскери ұшақ,Военный самолёт,Military aircraft,Соғыс операцияларында қолданылатын ұшу аппараты,Летательный аппарат для боевых операций,Aircraft used in combat operations,Әуе күштері,Военно-воздушные силы,Air force,Истребитель,Истребитель,Fighter,Авианосец,Авианосец,Aircraft carrier,Ұшақ,Самолёт,Plane,Jet,Jet,Jet,Әуе операциялары,Air operations,
95,Истребитель,Истребитель,Fighter,Әуе шайқастарына арналған ұшақ,Самолёт для воздушных боёв,Aircraft for air battles,Әскери ұшақ,Военный самолёт,Military aircraft,Бомбалаушы,Бомбардировщик,Bomber,Шабуылдаушы ұшақ,Штурмовик,Attack aircraft,Жойғыш,Истребитель,Interceptor,F-16,F-16,F-16,Әуе соғысы,Air combat,
96,Бомбалаушы,Бомбардировщик,Bomber,Бомбаларды тасымалдауға арналған ұшақ,Самолёт для доставки бомб,Aircraft designed to carry bombs,Әскери ұшақ,Военный самолёт,Military aircraft,Стратегиялық бомбалаушы,Стратегический бомбардировщик,Strategic bomber,Истребитель,Истребитель,Fighter,Бомба,Бомба,Bomb,B-52,B-52,B-52,Әуе соққысы,Air strike,
97,Штурмовик,Штурмовик,Attack aircraft,Жердегі нысаналарды соғуға арналған ұшақ,Самолёт для ударов по наземным целям,Aircraft for ground targets,Әскери ұшақ,Военный самолёт,Military aircraft,Тікұшақ,Вертолёт,Helicopter,Истребитель,Истребитель,Fighter,Ұшақ,Самолёт,Plane,A-10,A-10,A-10,Құрлықтағы соққы,Ground strike,
98,Тікұшақ,Вертолёт,Helicopter,Тік ұшып, қона алатын ұшу аппараты,Летательный аппарат с вертикальным взлётом,Aircraft with vertical takeoff,Әскери ұшақ,Военный самолёт,Military aircraft,Шабуылдаушы тікұшақ,Ударный вертолёт,Attack helicopter,Штурмовик,Штурмовик,Attack aircraft,Ұшу аппараты,Летательный аппарат,Flying machine,Heli,Heli,Heli,Тікұшақ операциялары,Helicopter operations
99,Ұшқышсыз жүйе,Беспилотная система,Unmanned system,Адамсыз басқарылатын жүйе,Система без участия человека,System without human operation,Дрон,Дрон,Drone,Ұшқышсыз аппарат,БПЛА,UAV,Кибершабуыл,Кибератака,Cyberattack,Автономды құрылғы,Автономное устройство,Autonomous device,UAS,UAS,UAS,Ұшқышсыз технологиялар,Unmanned technologies,
100,Жасанды интеллект,Искусственный интеллект,Artificial intelligence,Ақпаратты өңдеу мен шешім қабылдауды автоматтандыру,Автоматизация обработки информации и принятия решений,Automation of data processing and decision-making,Ақпараттық технологиялар,Информационные технологии,Information technology,Автоматтандырылған жүйелер,Автоматизированные системы,Automated systems,Кибершабуыл,Кибератака,Cyberattack,AI жүйесі,Система ИИ,AI system,AI,AI,AI,Интеллектуалды жүйелер,Intelligent systems,
